"List","OftCount","Configured","Reason"
"AJ_AAT_NSW_Release.list","47","False","非当前 Windows Steam 加载目标"
"AJ_AAT_PC_Release.list","47","True","已配置路径；除鬼武者外仍需游戏内验证"
"AJ_AAT_PS4_Release.list","47","False","非当前 Windows Steam 加载目标"
"CAS_NSW_Release.list","31","False","非当前 Windows Steam 加载目标"
"CAS_PC_Release.list","31","False","存在字体候选，但加载兼容性/目录识别尚未确认"
"CAS_PS4_Release.list","31","False","非当前 Windows Steam 加载目标"
"CAS2_NSW_Release.list","33","False","非当前 Windows Steam 加载目标"
"CAS2_PC_Release.list","33","False","存在字体候选，但加载兼容性/目录识别尚未确认"
"CAS2_PS4_Release.list","33","False","非当前 Windows Steam 加载目标"
"DD2_PC_Release.list","15","True","已配置路径；除鬼武者外仍需游戏内验证"
"DD2CCS_PC_Demo.list","15","False","试玩或测试版，未验证加载及目录识别"
"DMC5_PC_Release.list","21","True","已配置路径；除鬼武者外仍需游戏内验证"
"DMC5_PS4_Release.list","8","False","非当前 Windows Steam 加载目标"
"EXP_PC_Closed_Beta.list","24","False","试玩或测试版，未验证加载及目录识别"
"EXP_PC_Release.list","29","False","存在字体候选，但加载兼容性/目录识别尚未确认"
"GGR_NSW_Release.list","7","False","非当前 Windows Steam 加载目标"
"GGR_PC_Release.list","7","True","已配置路径；除鬼武者外仍需游戏内验证"
"GGR_PS4_Release.list","7","False","非当前 Windows Steam 加载目标"
"GTPD_NSW_Demo.list","13","False","非当前 Windows Steam 加载目标"
"GTPD_NSW_Release.list","13","False","非当前 Windows Steam 加载目标"
"GTPD_PC_Demo.list","13","False","试玩或测试版，未验证加载及目录识别"
"GTPD_PC_Release.list","13","False","存在字体候选，但加载兼容性/目录识别尚未确认"
"GTPD_PS4_Release.list","13","False","非当前 Windows Steam 加载目标"
"KGPG_MSG_Release.list","31","False","商店版本，未验证加载及目录识别"
"KGPG_PC_Demo.list","29","False","试玩或测试版，未验证加载及目录识别"
"KGPG_PC_Release.list","31","True","已配置路径；除鬼武者外仍需游戏内验证"
"MHR_MSG_Release.list","22","False","商店版本，未验证加载及目录识别"
"MHR_NSW_Release.list","20","False","非当前 Windows Steam 加载目标"
"MHR_PC_Demo.list","14","False","试玩或测试版，未验证加载及目录识别"
"MHR_PC_Release.list","22","True","已配置路径；除鬼武者外仍需游戏内验证"
"MHRS_PC_Demo.list","18","False","试玩或测试版，未验证加载及目录识别"
"OWOTS_STM_Release.list","10","True","已配置路径；除鬼武者外仍需游戏内验证"
"RE2_1S_PC_Demo.list","18","False","试玩或测试版，未验证加载及目录识别"
"RE2_1S_PS4_Demo.list","18","False","非当前 Windows Steam 加载目标"
"RE2_MSG_Release.list","2","False","商店版本，未验证加载及目录识别"
"RE2_PC_Release.list","18","True","已配置路径；除鬼武者外仍需游戏内验证"
"RE2_PS4_Release.list","18","False","非当前 Windows Steam 加载目标"
"RE2_RPD_PC_Demo.list","18","False","试玩或测试版，未验证加载及目录识别"
"RE2_RT_PC_Release.list","2","False","未确认中文 OFT 映射"
"RE2Z_RT_PC_Release.list","0","False","没有 OFT 路径"
"RE3_MSG_Release.list","7","False","商店版本，未验证加载及目录识别"
"RE3_PC_Release.list","18","True","已配置路径；除鬼武者外仍需游戏内验证"
"RE3_PS4_Release.list","18","False","非当前 Windows Steam 加载目标"
"RE3_RC_PC_Demo.list","18","False","试玩或测试版，未验证加载及目录识别"
"RE3_RC_PS4_Demo.list","18","False","非当前 Windows Steam 加载目标"
"RE3_RT_PC_Release.list","7","False","未确认中文 OFT 映射"
"RE3Z_RT_PC_Release.list","0","False","没有 OFT 路径"
"RE4_MAC_Release.list","23","False","非当前 Windows Steam 加载目标"
"RE4_PC_Demo.list","23","False","试玩或测试版，未验证加载及目录识别"
"RE4_PC_Release.list","23","True","已配置路径；除鬼武者外仍需游戏内验证"
"RE4_PS4_Release.list","23","False","非当前 Windows Steam 加载目标"
"RE7_GE_PS4_Release.list","19","False","非当前 Windows Steam 加载目标"
"RE7_K_PS4_Demo.list","15","False","非当前 Windows Steam 加载目标"
"RE7_PC_Release.list","16","True","已配置路径；除鬼武者外仍需游戏内验证"
"RE7_PS4_Release.list","16","False","非当前 Windows Steam 加载目标"
"RE7_RT_PC_Release.list","19","True","已配置路径；除鬼武者外仍需游戏内验证"
"RE7_TBH_PC_Demo.list","16","False","试玩或测试版，未验证加载及目录识别"
"RE7_TBH_PS4_Demo.list","16","False","非当前 Windows Steam 加载目标"
"RE7_TBH_UWP_Demo.list","16","False","非当前 Windows Steam 加载目标"
"RE7Z_RT_PC_Release.list","16","True","已配置路径；除鬼武者外仍需游戏内验证"
"RE8_iOS_Release.list","27","False","非当前 Windows Steam 加载目标"
"RE8_M_PS5_Demo.list","27","False","非当前 Windows Steam 加载目标"
"RE8_MAC_Release.list","27","False","非当前 Windows Steam 加载目标"
"RE8_PC_Demo_Gold.list","27","False","试玩或测试版，未验证加载及目录识别"
"RE8_PC_Demo.list","27","False","试玩或测试版，未验证加载及目录识别"
"RE8_PC_Release.list","27","True","已配置路径；除鬼武者外仍需游戏内验证"
"RE8_PS4_Demo.list","27","False","非当前 Windows Steam 加载目标"
"RE8Z_PC_Release.list","27","True","已配置路径；除鬼武者外仍需游戏内验证"
"RER_PC_Open_Beta.list","16","False","试玩或测试版，未验证加载及目录识别"
"RER_PC_Release.list","18","False","存在字体候选，但加载兼容性/目录识别尚未确认"
"RERE_PC_Open_Beta.list","2","False","试玩或测试版，未验证加载及目录识别"
"RERE_PC_Release.list","2","False","存在字体候选，但加载兼容性/目录识别尚未确认"
"RERE_PS4_Release.list","20","False","非当前 Windows Steam 加载目标"
"SF6_PC_Closed_Beta.list","25","False","试玩或测试版，未验证加载及目录识别"
"SF6_PC_Demo.list","21","False","试玩或测试版，未验证加载及目录识别"
"SF6_PC_Release.list","22","True","已配置路径；除鬼武者外仍需游戏内验证"
"SF6_PS4_Release.list","21","False","非当前 Windows Steam 加载目标"
